{
    "fallback": "bx:loop",
    "name": "bx:loop",
    "elements": [
        {
            "element": {
                "element_type": "minecraft:single_pool_element",
                "projection": "terrain_matching",
                "processors": "minecraft:empty",
                "location": "bx:loopway"
            },
            "weight": 100
        },
        {
            "element": {
                "element_type": "minecraft:single_pool_element",
                "projection": "terrain_matching",
                "processors": "minecraft:empty",
                "location": "bx:loopway2"
            },
            "weight": 1
        },
        {
            "element": {
                "element_type": "minecraft:single_pool_element",
                "projection": "rigid",
                "processors": "minecraft:empty",
                "location": "bx:end"
            },
            "weight": 1
        }
    ]
}