{
    "name": "bx:t1way",
    "fallback": "empty",
    "elements": [
        {
            "weight": 1,
            "element": {
                "location": "bx:t2",
                "processors": "minecraft:empty",
                "projection": "rigid",
                "element_type": "minecraft:single_pool_element"
            }
        },
        {
            "weight": 1,
            "element": {
                "location": "bx:t3",
                "processors": "minecraft:empty",
                "projection": "rigid",
                "element_type": "minecraft:single_pool_element"
            }
        }
    ]
}